Generator,Bus,Pmax,Pmin,Qmax,Qmin,Ramp,SRamp,MinUP,MinDW,InitS,InitP,StartUpCost,FixedCost,VariableCost,Type,PminFactor,QFactor,RampFactor,StartUpCostFactor
G1,Bus1,100.0,40.0,70.0,-70.0,20.0,40.01,8,8,-8,0,3000,600,20,Coal,0.4,0.7,0.2,30
G2,Bus2,75.0,7.5,52.5,-52.5,22.5,22.5,4,4,-4,0,2250,450,40,Gas,0.1,0.7,0.3,30
G3,Bus3,75.0,7.5,52.5,-52.5,22.5,22.5,4,4,-4,0,2250,450,60,Gas,0.1,0.7,0.3,30
G6,Bus6,75.0,7.5,52.5,-52.5,22.5,22.5,4,4,-4,0,2250,450,80,Gas,0.1,0.7,0.3,30
G8,Bus8,75.0,7.5,52.5,-52.5,22.5,22.5,4,4,-4,0,2250,450,100,Gas,0.1,0.7,0.3,30
Wind2,Bus2,34.3073993759728,0.0,24.015179563180958,-24.015179563180958,343.073993759728,343.073993759728,1,1,-1,0,0,0,0,Wind,0.0,0.7,10.0,0
Solar8,Bus8,36.091796248303055,0.0,25.264257373812136,-25.264257373812136,360.9179624830306,360.9179624830306,1,1,-1,0,0,0,0,Solar,0.0,0.7,10.0,0
