N,Lower_Bound,Upper_Bound,Costos_Futuros,Costos_Marginales
5,710996.2616076146,732212.1705899824,703760.3222013202,Dict(:volume => -99.6008603499999)
20,715474.3242290048,720851.7669186044,708190.9620923406,Dict(:volume => -109.11576465848002)
50,715942.7991021324,719384.4002933764,708660.7202837812,Dict(:volume => -111.7449447095521)
100,716466.4565193824,718680.1771025487,709191.840479126,Dict(:volume => -113.88092211006634)
